fk_id_innovation_info,fk_id_ext_partner,"role"
962,292,"Contibutor"
962,118,"Leader"
963,292,"Contibutor"
963,118,"Leader"
964,2628,"Contibutor"
964,118,"Leader"
965,2629,"Contibutor"
965,118,"Leader"
966,2629,"Contibutor"
966,118,"Leader"
967,1667,"Contibutor"
967,118,"Leader"
968,118,"Leader"
969,973,"Contibutor"
969,118,"Leader"
970,951,"Contibutor"
970,979,"Contibutor"
970,118,"Leader"
971,994,"Contibutor"
971,314,"Contibutor"
971,118,"Leader"
972,994,"Contibutor"
972,314,"Contibutor"
972,118,"Leader"
973,1181,"Contibutor"
973,105,"Leader"
974,105,"Leader"
975,105,"Leader"
1098,93,"Contibutor"
1098,2582,"Contibutor"
1098,2573,"Contibutor"
1098,109,"Contibutor"
1098,2310,"Leader"
1099,1633,"Contibutor"
1099,1024,"Contibutor"
1099,481,"Contibutor"
1099,3991,"Contibutor"
1099,109,"Contibutor"
1099,1631,"Leader"
1100,739,"Contibutor"
1100,109,"Leader"
1101,163,"Contibutor"
1101,93,"Contibutor"
1101,109,"Leader"
1102,1631,"Contibutor"
1102,109,"Leader"
1103,1631,"Contibutor"
1103,109,"Leader"
1104,2573,"Contibutor"
1104,93,"Contibutor"
1104,163,"Contibutor"
1104,109,"Leader"
1105,109,"Leader"
1106,109,"Contibutor"
1106,947,"Contibutor"
1106,2573,"Contibutor"
1106,109,"Leader"
1107,2031,"Contibutor"
1107,109,"Leader"
1108,2582,"Contibutor"
1108,109,"Leader"
1109,462,"Contibutor"
1109,93,"Contibutor"
1109,1039,"Contibutor"
1109,2581,"Contibutor"
1109,966,"Contibutor"
1109,632,"Contibutor"
1109,109,"Leader"
1110,93,"Contibutor"
1110,462,"Contibutor"
1110,458,"Contibutor"
1110,109,"Leader"
1111,1847,"Contibutor"
1111,109,"Leader"
1112,948,"Contibutor"
1112,966,"Contibutor"
1112,1137,"Contibutor"
1112,109,"Leader"
1113,109,"Leader"
1114,80,"Contibutor"
1114,2625,"Contibutor"
1114,109,"Leader"
1115,1847,"Contibutor"
1115,105,"Contibutor"
1115,104,"Contibutor"
1115,109,"Leader"
1116,2573,"Contibutor"
1116,109,"Leader"
1117,1631,"Contibutor"
1117,1022,"Contibutor"
1117,1032,"Contibutor"
1117,109,"Leader"
1118,109,"Contibutor"
1118,109,"Leader"
1119,1032,"Contibutor"
1119,109,"Leader"
1120,109,"Leader"
1121,109,"Leader"
1122,1032,"Contibutor"
1122,109,"Leader"
1123,1032,"Contibutor"
1123,109,"Leader"
1124,109,"Leader"
1125,2588,"Contibutor"
1125,109,"Leader"
1126,2588,"Contibutor"
1126,109,"Leader"
1127,2591,"Contibutor"
1127,2575,"Contibutor"
1127,2250,"Contibutor"
1127,2583,"Contibutor"
1127,109,"Leader"
1128,2739,"Contibutor"
1128,960,"Contibutor"
1128,945,"Contibutor"
1128,2588,"Contibutor"
1128,1024,"Contibutor"
1128,109,"Leader"
1129,721,"Contibutor"
1129,739,"Contibutor"
1129,109,"Leader"
1130,945,"Contibutor"
1130,2575,"Contibutor"
1130,1024,"Contibutor"
1130,1207,"Contibutor"
1130,109,"Leader"
1131,2583,"Contibutor"
1131,109,"Leader"
1132,1024,"Contibutor"
1132,4065,"Contibutor"
1132,4064,"Contibutor"
1132,109,"Leader"
1133,945,"Contibutor"
1133,4068,"Contibutor"
1133,4069,"Contibutor"
1133,109,"Leader"
1134,292,"Contibutor"
1134,481,"Contibutor"
1134,2731,"Contibutor"
1134,109,"Leader"
1135,2116,"Contibutor"
1135,106,"Leader"
1136,967,"Contibutor"
1136,106,"Leader"
1137,119,"Leader"
1138,951,"Contibutor"
1138,305,"Contibutor"
1138,119,"Leader"
1139,2343,"Contibutor"
1139,119,"Leader"
1140,815,"Contibutor"
1140,2106,"Contibutor"
1140,284,"Contibutor"
1140,646,"Contibutor"
1140,1631,"Contibutor"
1140,107,"Leader"
1141,110,"Contibutor"
1141,4161,"Contibutor"
1142,815,"Contibutor"
1142,284,"Contibutor"
1142,945,"Contibutor"
1142,1631,"Contibutor"
1142,107,"Leader"
1143,113,"Contibutor"
1143,79,"Leader"
1144,1128,"Contibutor"
1144,119,"Leader"
1145,119,"Contibutor"
1145,119,"Leader"
1146,646,"Contibutor"
1146,2343,"Contibutor"
1146,983,"Contibutor"
1146,4163,"Contibutor"
1146,4086,"Contibutor"
1146,4165,"Contibutor"
1146,119,"Leader"
1147,1015,"Contibutor"
1147,104,"Leader"
1148,2587,"Contibutor"
1148,951,"Contibutor"
1148,1768,"Contibutor"
1148,9,"Contibutor"
1148,104,"Leader"
1149,110,"Contibutor"
1149,110,"Leader"
1150,110,"Contibutor"
1150,110,"Leader"
1151,380,"Contibutor"
1151,110,"Leader"
1152,105,"Contibutor"
1152,110,"Leader"
1153,674,"Contibutor"
1153,2343,"Contibutor"
1153,983,"Contibutor"
1153,4120,"Contibutor"
1153,4163,"Contibutor"
1153,119,"Leader"
1154,556,"Contibutor"
1154,104,"Leader"
1155,273,"Contibutor"
1155,104,"Contibutor"
1155,1018,"Contibutor"
1155,28,"Leader"
1156,113,"Contibutor"
1156,1192,"Contibutor"
1156,1197,"Contibutor"
1156,1645,"Contibutor"
1156,1673,"Contibutor"
1156,107,"Leader"
1157,11,"Contibutor"
1157,983,"Contibutor"
1157,119,"Leader"
1158,113,"Contibutor"
1158,2577,"Contibutor"
1158,111,"Contibutor"
1158,105,"Contibutor"
1158,108,"Contibutor"
1158,113,"Leader"
1159,673,"Contibutor"
1159,517,"Contibutor"
1159,500,"Contibutor"
1159,112,"Leader"
1160,1192,"Contibutor"
1160,117,"Contibutor"
1160,107,"Leader"
1161,108,"Contibutor"
1161,104,"Contibutor"
1161,107,"Contibutor"
1161,113,"Leader"
1162,106,"Contibutor"
1162,1810,"Contibutor"
1162,1849,"Leader"
979,113,"Contibutor"
979,2296,"Contibutor"
979,1847,"Contibutor"
979,659,"Contibutor"
979,1878,"Contibutor"
1163,1022,"Contibutor"
1163,105,"Leader"
1164,681,"Contibutor"
1164,2145,"Contibutor"
1164,109,"Leader"
1165,481,"Contibutor"
1165,105,"Leader"
1166,948,"Contibutor"
1166,105,"Leader"
1167,2066,"Contibutor"
1167,105,"Leader"
1168,966,"Contibutor"
1168,105,"Leader"
1169,945,"Contibutor"
1169,1200,"Contibutor"
1169,944,"Contibutor"
1169,2582,"Contibutor"
1169,1032,"Contibutor"
1169,948,"Contibutor"
1169,109,"Leader"
1170,1697,"Contibutor"
1170,106,"Contibutor"
1170,748,"Contibutor"
1170,113,"Leader"
1171,2023,"Contibutor"
1171,1639,"Contibutor"
1171,1200,"Contibutor"
1171,109,"Leader"
1172,690,"Contibutor"
1172,109,"Leader"
1173,2089,"Contibutor"
1173,1631,"Contibutor"
1173,959,"Leader"
1174,12,"Contibutor"
1174,122,"Contibutor"
1174,467,"Contibutor"
1174,191,"Contibutor"
1174,106,"Leader"
1175,3986,"Contibutor"
1175,4123,"Contibutor"
1175,4164,"Contibutor"
1175,4166,"Contibutor"
1175,110,"Leader"
1176,110,"Contibutor"
1176,4231,"Contibutor"
1176,2469,"Contibutor"
1176,4643,"Contibutor"
1176,4649,"Contibutor"
1176,110,"Leader"
980,756,"Contibutor"
980,1859,"Contibutor"
980,805,"Contibutor"
980,79,"Contibutor"
980,1746,"Contibutor"
980,113,"Leader"
1177,110,"Contibutor"
1177,974,"Contibutor"
1177,1065,"Contibutor"
1177,429,"Contibutor"
1177,799,"Contibutor"
1177,119,"Leader"
1178,974,"Contibutor"
1178,429,"Contibutor"
1178,119,"Leader"
1179,646,"Contibutor"
1179,655,"Contibutor"
1179,1631,"Contibutor"
1179,108,"Contibutor"
1179,107,"Contibutor"
1179,113,"Leader"
1180,2072,"Contibutor"
1180,113,"Leader"
1181,111,"Contibutor"
1181,107,"Contibutor"
1181,2074,"Contibutor"
1181,1661,"Contibutor"
1181,1905,"Contibutor"
1181,113,"Leader"
1182,113,"Contibutor"
1182,1905,"Leader"
1183,113,"Contibutor"
1183,2742,"Leader"
1184,113,"Contibutor"
1184,107,"Contibutor"
1184,118,"Contibutor"
1184,2742,"Leader"
1185,350,"Contibutor"
1185,108,"Leader"
1186,108,"Contibutor"
1186,350,"Leader"
1187,350,"Contibutor"
1187,108,"Contibutor"
1187,263,"Leader"
1188,350,"Contibutor"
1188,263,"Contibutor"
1188,108,"Leader"
1189,108,"Contibutor"
1189,1047,"Contibutor"
1189,695,"Contibutor"
1189,951,"Contibutor"
1190,104,"Contibutor"
1190,959,"Leader"
1191,4083,"Contibutor"
1191,110,"Leader"
1192,1692,"Contibutor"
1192,104,"Leader"
1193,1692,"Contibutor"
1193,104,"Leader"
1194,2616,"Contibutor"
1194,108,"Leader"
1195,114,"Contibutor"
1195,65,"Contibutor"
1195,119,"Contibutor"
1195,1664,"Contibutor"
1195,106,"Contibutor"
1195,110,"Leader"
1196,4038,"Contibutor"
1196,110,"Leader"
1197,4038,"Contibutor"
1197,110,"Leader"
1198,951,"Contibutor"
1198,4088,"Contibutor"
1198,4168,"Contibutor"
1198,118,"Leader"
1199,1256,"Contibutor"
1199,99,"Contibutor"
1199,1990,"Contibutor"
1199,113,"Leader"
1200,610,"Contibutor"
1200,106,"Leader"
1201,1024,"Contibutor"
1201,2731,"Contibutor"
1201,690,"Leader"
1203,739,"Contibutor"
1203,947,"Contibutor"
1203,4072,"Contibutor"
1203,110,"Leader"
1204,203,"Contibutor"
1204,110,"Leader"
1205,203,"Contibutor"
1205,110,"Leader"
1206,2219,"Contibutor"
1206,110,"Leader"
1207,1644,"Contibutor"
1207,110,"Leader"
1208,110,"Contibutor"
1208,110,"Leader"
1209,966,"Contibutor"
1209,632,"Contibutor"
1209,109,"Leader"
1211,1663,"Contibutor"
1211,110,"Leader"
1212,429,"Contibutor"
1212,1065,"Contibutor"
1212,800,"Contibutor"
1212,110,"Leader"
1213,563,"Contibutor"
1213,673,"Contibutor"
1213,110,"Leader"
1214,800,"Contibutor"
1214,2405,"Contibutor"
1214,2219,"Contibutor"
1214,1065,"Contibutor"
1214,110,"Leader"
1215,1137,"Contibutor"
1215,292,"Contibutor"
1215,2680,"Contibutor"
1215,113,"Leader"
1216,1669,"Contibutor"
1216,113,"Leader"
1217,673,"Contibutor"
1217,2141,"Contibutor"
1217,112,"Contibutor"
1217,106,"Leader"
1218,792,"Contibutor"
1218,108,"Contibutor"
1218,792,"Leader"
1219,690,"Contibutor"
1219,109,"Leader"
1220,690,"Contibutor"
1220,109,"Leader"
1221,690,"Contibutor"
1221,109,"Leader"
1222,690,"Contibutor"
1222,109,"Leader"
1223,2618,"Contibutor"
1223,104,"Leader"
1224,944,"Contibutor"
1224,966,"Contibutor"
1224,1032,"Contibutor"
1224,2606,"Contibutor"
1224,1904,"Contibutor"
1224,109,"Leader"
1235,108,"Contibutor"
1235,108,"Leader"
1237,106,"Contibutor"
1237,113,"Contibutor"
1237,119,"Contibutor"
1237,104,"Contibutor"
1237,111,"Contibutor"
1237,118,"Contibutor"
1237,108,"Leader"
1238,971,"Contibutor"
1238,4095,"Contibutor"
1238,108,"Leader"
1239,1631,"Contibutor"
1239,106,"Contibutor"
1239,113,"Leader"
1240,1661,"Contibutor"
1240,113,"Contibutor"
1240,108,"Leader"
1241,113,"Contibutor"
1241,113,"Leader"
1242,113,"Contibutor"
1242,107,"Contibutor"
1242,1631,"Contibutor"
1243,1103,"Contibutor"
1243,646,"Contibutor"
1243,113,"Contibutor"
1243,107,"Contibutor"
1243,1631,"Leader"
1244,108,"Contibutor"
1244,486,"Contibutor"
1244,108,"Leader"
1245,108,"Contibutor"
1246,108,"Contibutor"
1246,973,"Contibutor"
1247,195,"Contibutor"
1247,294,"Contibutor"
1247,108,"Leader"
1248,185,"Contibutor"
1248,108,"Leader"
1249,974,"Contibutor"
1249,108,"Leader"
1251,263,"Contibutor"
1251,108,"Leader"
1252,973,"Contibutor"
1252,108,"Leader"
1253,104,"Contibutor"
1253,959,"Leader"
1254,1692,"Contibutor"
1254,104,"Leader"
1255,2127,"Contibutor"
1255,4013,"Contibutor"
1255,114,"Leader"
1256,106,"Contibutor"
1256,693,"Contibutor"
1256,739,"Contibutor"
1256,109,"Contibutor"
1256,104,"Leader"
1257,106,"Contibutor"
1257,109,"Contibutor"
1257,693,"Contibutor"
1257,739,"Contibutor"
1257,104,"Leader"
1258,107,"Contibutor"
1258,106,"Leader"
1259,739,"Contibutor"
1259,693,"Contibutor"
1259,1031,"Contibutor"
1259,556,"Contibutor"
1259,1014,"Contibutor"
1259,1018,"Contibutor"
1259,2596,"Contibutor"
1259,104,"Leader"
1260,1631,"Contibutor"
1260,113,"Leader"
1261,105,"Contibutor"
1262,756,"Contibutor"
1262,1909,"Contibutor"
1262,695,"Contibutor"
1262,1506,"Contibutor"
1262,749,"Contibutor"
1262,1972,"Contibutor"
1262,113,"Leader"
1263,1650,"Leader"
1264,79,"Contibutor"
1264,106,"Leader"
1265,110,"Contibutor"
1265,113,"Leader"
1266,108,"Contibutor"
1266,108,"Leader"
1267,108,"Contibutor"
1267,108,"Leader"
1268,1661,"Contibutor"
1268,108,"Contibutor"
1268,1661,"Leader"
1269,108,"Contibutor"
1269,108,"Leader"
1270,1724,"Contibutor"
1270,108,"Contibutor"
1270,105,"Contibutor"
1270,1724,"Leader"
1271,2281,"Contibutor"
1271,789,"Contibutor"
1271,108,"Contibutor"
1271,2281,"Leader"
1272,1633,"Contibutor"
1272,108,"Contibutor"
1272,1631,"Contibutor"
1272,740,"Contibutor"
1272,105,"Contibutor"
1272,1633,"Leader"
1273,108,"Leader"
1274,296,"Contibutor"
1274,4154,"Contibutor"
1274,960,"Contibutor"
1274,646,"Contibutor"
1274,660,"Contibutor"
1274,4030,"Contibutor"
1274,107,"Leader"
1275,2232,"Contibutor"
1275,165,"Contibutor"
1275,1676,"Contibutor"
1275,799,"Contibutor"
1275,1727,"Contibutor"
1275,1909,"Contibutor"
1275,107,"Leader"
1276,93,"Contibutor"
1276,974,"Contibutor"
1276,4160,"Contibutor"
1276,349,"Contibutor"
1276,106,"Leader"
1277,949,"Contibutor"
1277,171,"Contibutor"
1277,107,"Leader"
1278,113,"Contibutor"
1278,749,"Contibutor"
1278,1909,"Contibutor"
1278,1972,"Leader"
1279,113,"Contibutor"
1279,1908,"Contibutor"
1279,1908,"Leader"
1280,1911,"Contibutor"
1280,1689,"Contibutor"
1280,110,"Leader"
1281,1892,"Contibutor"
1281,1664,"Contibutor"
1281,1871,"Contibutor"
1281,1669,"Contibutor"
1281,110,"Leader"
1282,960,"Contibutor"
1282,1909,"Contibutor"
1282,110,"Leader"
1283,1710,"Contibutor"
1283,696,"Contibutor"
1283,1913,"Contibutor"
1283,4642,"Contibutor"
1283,110,"Leader"
1284,119,"Contibutor"
1284,110,"Leader"
1285,11,"Contibutor"
1285,2300,"Contibutor"
1285,116,"Leader"
1286,1664,"Contibutor"
1286,1656,"Contibutor"
1286,657,"Contibutor"
1286,2293,"Contibutor"
1286,1909,"Contibutor"
1286,1913,"Contibutor"
1286,110,"Leader"
1287,4231,"Contibutor"
1287,110,"Leader"
1288,1913,"Contibutor"
1288,1689,"Contibutor"
1288,310,"Contibutor"
1288,410,"Contibutor"
1288,1788,"Contibutor"
1288,110,"Leader"
1289,1913,"Contibutor"
1289,2033,"Contibutor"
1289,1098,"Contibutor"
1289,775,"Contibutor"
1289,110,"Leader"
1290,2578,"Contibutor"
1290,116,"Leader"
1291,105,"Contibutor"
1291,105,"Leader"
1292,2065,"Contibutor"
1292,107,"Contibutor"
1292,1521,"Leader"
1293,110,"Contibutor"
1293,717,"Contibutor"
1293,79,"Contibutor"
1293,646,"Contibutor"
1293,2095,"Leader"
1294,1935,"Contibutor"
1294,1134,"Contibutor"
1294,1683,"Contibutor"
1294,119,"Leader"
1295,108,"Contibutor"
1295,974,"Contibutor"
1295,767,"Leader"
1296,113,"Contibutor"
1296,1859,"Contibutor"
1297,4144,"Contibutor"
1297,113,"Leader"
1298,106,"Contibutor"
1298,739,"Contibutor"
1298,104,"Leader"
1299,2101,"Contibutor"
1299,106,"Leader"
1300,107,"Contibutor"
1300,1107,"Leader"
1301,107,"Contibutor"
1301,4092,"Leader"
1302,107,"Contibutor"
1302,4092,"Leader"
1303,106,"Contibutor"
1303,122,"Leader"
1304,106,"Contibutor"
1304,4170,"Leader"
1305,106,"Contibutor"
1305,969,"Leader"
1306,105,"Contibutor"
1306,1200,"Leader"
1307,582,"Contibutor"
1307,79,"Contibutor"
1307,146,"Contibutor"
1307,113,"Leader"
1308,105,"Contibutor"
1308,1101,"Leader"
1309,105,"Contibutor"
1309,1101,"Leader"
1310,105,"Contibutor"
1310,1101,"Leader"
1311,105,"Contibutor"
1311,1101,"Leader"
1312,1868,"Leader"
1313,105,"Contibutor"
1313,1101,"Leader"
1314,105,"Contibutor"
1314,1101,"Leader"
1315,108,"Contibutor"
1315,994,"Leader"
1316,108,"Contibutor"
1316,994,"Leader"
1317,108,"Contibutor"
1317,994,"Leader"
1318,108,"Contibutor"
1318,994,"Leader"
1319,108,"Contibutor"
1319,994,"Leader"
1320,108,"Contibutor"
1320,1276,"Contibutor"
1320,4170,"Leader"
1321,108,"Contibutor"
1321,4339,"Leader"
1322,118,"Contibutor"
1322,1879,"Leader"
1323,106,"Contibutor"
1323,2577,"Leader"
1324,106,"Contibutor"
1324,4321,"Leader"
1325,967,"Leader"
1326,108,"Contibutor"
1326,2109,"Leader"
1327,108,"Contibutor"
1327,1854,"Leader"
1328,79,"Contibutor"
1328,113,"Leader"
1329,119,"Contibutor"
1329,119,"Leader"
1331,119,"Contibutor"
1331,119,"Leader"
1333,108,"Contibutor"
1333,108,"Leader"
1334,263,"Contibutor"
1334,2005,"Contibutor"
1334,71,"Contibutor"
1334,72,"Contibutor"
1334,108,"Leader"
1335,263,"Contibutor"
1335,2005,"Contibutor"
1335,72,"Contibutor"
1335,71,"Contibutor"
1335,108,"Leader"
1336,71,"Contibutor"
1336,72,"Contibutor"
1336,108,"Leader"
1337,1611,"Contibutor"
1337,109,"Contibutor"
1337,100,"Contibutor"
1337,2581,"Contibutor"
1337,109,"Leader"
1338,110,"Contibutor"
1338,974,"Contibutor"
1338,349,"Contibutor"
1338,1065,"Contibutor"
1338,429,"Contibutor"
1338,119,"Leader"
1339,739,"Contibutor"
1339,693,"Contibutor"
1339,1652,"Contibutor"
1339,1843,"Contibutor"
1339,1725,"Contibutor"
1339,2027,"Contibutor"
1339,104,"Leader"
1340,203,"Contibutor"
1340,1079,"Contibutor"
1340,104,"Leader"
1341,655,"Contibutor"
1341,163,"Contibutor"
1341,2600,"Contibutor"
1341,948,"Contibutor"
1341,109,"Leader"
1342,101,"Contibutor"
1342,113,"Leader"
1343,1662,"Contibutor"
1343,113,"Contibutor"
1343,4235,"Contibutor"
1344,1736,"Contibutor"
1344,105,"Contibutor"
1344,111,"Leader"
1345,110,"Contibutor"
1345,110,"Leader"
1346,110,"Contibutor"
1346,2214,"Contibutor"
1346,110,"Leader"
1347,110,"Contibutor"
1347,146,"Contibutor"
1347,110,"Leader"
1348,1631,"Contibutor"
1348,110,"Leader"
1349,636,"Contibutor"
1349,108,"Leader"
1350,1631,"Contibutor"
1350,108,"Contibutor"
1350,740,"Contibutor"
1350,1259,"Contibutor"
1350,1631,"Leader"
1353,110,"Contibutor"
1353,113,"Contibutor"
1353,4098,"Contibutor"
1353,1725,"Leader"
1354,108,"Contibutor"
1354,1661,"Contibutor"
1354,113,"Contibutor"
1354,108,"Leader"
1355,1661,"Contibutor"
1355,108,"Contibutor"
1355,4095,"Contibutor"
1355,1661,"Leader"
1356,108,"Contibutor"
1356,113,"Contibutor"
1356,113,"Leader"
1357,106,"Contibutor"
1357,481,"Contibutor"
1357,789,"Leader"
1359,113,"Contibutor"
1359,106,"Contibutor"
1359,118,"Leader"
1360,113,"Contibutor"
1360,1002,"Contibutor"
1360,1643,"Contibutor"
1360,119,"Leader"
1362,830,"Contibutor"
1362,2408,"Leader"
1363,93,"Contibutor"
1363,4052,"Contibutor"
1363,349,"Contibutor"
1363,598,"Contibutor"
1363,110,"Leader"
1364,4320,"Contibutor"
1364,660,"Contibutor"
1364,115,"Leader"
1365,830,"Contibutor"
1365,118,"Leader"
1366,108,"Leader"
1367,113,"Contibutor"
1367,1521,"Leader"
1368,274,"Contibutor"
1368,237,"Contibutor"
1368,4312,"Contibutor"
1368,1631,"Contibutor"
1368,1950,"Contibutor"
1368,116,"Leader"
1369,112,"Contibutor"
1369,112,"Leader"
1370,112,"Contibutor"
1370,1805,"Contibutor"
1370,1656,"Contibutor"
1370,112,"Leader"
1371,951,"Contibutor"
1371,974,"Contibutor"
1371,194,"Contibutor"
1371,2237,"Contibutor"
1371,263,"Contibutor"
1371,108,"Leader"
1372,257,"Contibutor"
1372,679,"Contibutor"
1372,107,"Leader"
1373,112,"Contibutor"
1373,112,"Leader"
1374,789,"Contibutor"
1374,789,"Leader"
1375,1205,"Contibutor"
1375,479,"Contibutor"
1375,613,"Leader"
1376,2451,"Contibutor"
1376,191,"Contibutor"
1376,106,"Leader"
1377,109,"Contibutor"
1377,1847,"Leader"
1378,697,"Contibutor"
1378,1718,"Contibutor"
1378,1925,"Contibutor"
1378,146,"Contibutor"
1378,113,"Leader"
1379,1644,"Contibutor"
1379,966,"Contibutor"
1379,2240,"Contibutor"
1379,1661,"Contibutor"
1379,1631,"Contibutor"
1379,721,"Contibutor"
1379,1686,"Contibutor"
1379,1847,"Contibutor"
1379,110,"Leader"
1380,110,"Contibutor"
1380,4431,"Contibutor"
1380,655,"Contibutor"
1380,1620,"Contibutor"
1380,1630,"Leader"
1381,486,"Contibutor"
1381,108,"Leader"
1382,486,"Contibutor"
1382,4175,"Contibutor"
1382,108,"Leader"
1383,552,"Contibutor"
1383,112,"Contibutor"
1383,107,"Contibutor"
1383,140,"Contibutor"
1383,115,"Contibutor"
1383,1382,"Leader"
1384,974,"Contibutor"
1384,119,"Leader"
1385,2237,"Contibutor"
1385,119,"Leader"
1386,2237,"Contibutor"
1386,119,"Leader"
1387,2237,"Contibutor"
1387,119,"Leader"
1388,1137,"Contibutor"
1388,119,"Leader"
1389,119,"Contibutor"
1389,1037,"Leader"
1390,475,"Contibutor"
1390,119,"Leader"
1391,112,"Contibutor"
1391,106,"Leader"
1392,93,"Contibutor"
1392,106,"Leader"
1393,79,"Contibutor"
1393,93,"Contibutor"
1393,2725,"Contibutor"
1393,116,"Leader"
1394,110,"Contibutor"
1394,1092,"Contibutor"
1394,1651,"Leader"
1395,118,"Contibutor"
1395,830,"Contibutor"
1395,4183,"Contibutor"
1395,1841,"Contibutor"
1395,80,"Contibutor"
1395,113,"Leader"
1396,660,"Contibutor"
1396,107,"Contibutor"
1396,2134,"Leader"
1397,116,"Leader"
1398,116,"Contibutor"
1398,646,"Contibutor"
1398,594,"Leader"
1399,118,"Contibutor"
1399,621,"Contibutor"
1399,1519,"Contibutor"
1399,2578,"Contibutor"
1399,116,"Leader"
1400,112,"Contibutor"
1400,113,"Contibutor"
1400,107,"Leader"
1401,1758,"Contibutor"
1401,106,"Leader"
1402,109,"Contibutor"
1402,2580,"Contibutor"
1402,109,"Leader"
1403,1024,"Contibutor"
1403,109,"Leader"
1404,486,"Contibutor"
1404,4096,"Contibutor"
1404,4175,"Contibutor"
1404,108,"Leader"
1406,4096,"Contibutor"
1406,486,"Contibutor"
1406,4175,"Contibutor"
1406,108,"Leader"
1407,112,"Contibutor"
1407,112,"Leader"
1408,112,"Contibutor"
1408,112,"Leader"
1409,107,"Contibutor"
1409,107,"Leader"
1410,112,"Contibutor"
1410,112,"Leader"
1411,116,"Contibutor"
1411,594,"Contibutor"
1411,2456,"Leader"
1412,115,"Contibutor"
1412,115,"Leader"
1413,112,"Contibutor"
1413,2701,"Contibutor"
1413,112,"Leader"
1414,119,"Contibutor"
1415,115,"Contibutor"
1415,115,"Leader"
1416,646,"Contibutor"
1416,115,"Contibutor"
1416,11,"Contibutor"
1416,1228,"Contibutor"
1416,646,"Leader"
1417,112,"Leader"
981,79,"Contibutor"
981,195,"Contibutor"
981,202,"Contibutor"
981,960,"Contibutor"
981,568,"Contibutor"
981,105,"Leader"
1418,1561,"Contibutor"
1418,694,"Contibutor"
1418,112,"Contibutor"
1418,112,"Leader"
1419,112,"Contibutor"
1419,534,"Contibutor"
1419,112,"Leader"
1420,674,"Contibutor"
1420,534,"Contibutor"
1420,563,"Contibutor"
1420,297,"Contibutor"
1420,487,"Contibutor"
1420,112,"Leader"
1421,107,"Contibutor"
1421,945,"Leader"
1422,528,"Contibutor"
1422,4517,"Contibutor"
1422,1122,"Contibutor"
1422,2730,"Contibutor"
1422,292,"Contibutor"
1422,105,"Leader"
1423,994,"Contibutor"
1423,1923,"Contibutor"
1423,105,"Leader"
1424,1676,"Contibutor"
1424,111,"Leader"
1425,110,"Contibutor"
1425,945,"Contibutor"
1425,1669,"Contibutor"
1425,111,"Leader"
1426,111,"Leader"
1427,111,"Leader"
1428,111,"Contibutor"
1428,1101,"Contibutor"
1429,481,"Contibutor"
1429,111,"Leader"
1430,105,"Contibutor"
1430,1736,"Leader"
1431,739,"Contibutor"
1431,1764,"Contibutor"
1431,106,"Leader"
1432,106,"Contibutor"
1432,111,"Leader"
1433,105,"Contibutor"
1433,1903,"Contibutor"
1434,105,"Contibutor"
1434,111,"Contibutor"
1434,1859,"Contibutor"
1434,4551,"Contibutor"
1434,1195,"Contibutor"
1434,107,"Leader"
1435,803,"Contibutor"
1435,10,"Contibutor"
1435,4142,"Contibutor"
1435,2109,"Contibutor"
1435,111,"Leader"
1436,107,"Contibutor"
1436,106,"Contibutor"
1436,105,"Contibutor"
1436,1661,"Contibutor"
1436,111,"Leader"
1437,960,"Contibutor"
1437,2245,"Contibutor"
1437,111,"Leader"
1438,803,"Contibutor"
1438,111,"Leader"
1439,107,"Contibutor"
1439,106,"Contibutor"
1439,1725,"Contibutor"
1440,111,"Leader"
1441,107,"Contibutor"
1441,106,"Contibutor"
1441,105,"Contibutor"
1441,111,"Contibutor"
1441,1631,"Leader"
1442,111,"Leader"
1443,105,"Contibutor"
1443,974,"Contibutor"
1444,1734,"Contibutor"
1444,111,"Leader"
1445,196,"Contibutor"
1445,111,"Leader"
1446,105,"Contibutor"
1446,1122,"Contibutor"
1446,4512,"Contibutor"
1447,105,"Contibutor"
1447,693,"Contibutor"
1447,739,"Leader"
1448,1849,"Contibutor"
1448,106,"Leader"
1449,1737,"Contibutor"
1449,1724,"Contibutor"
1449,105,"Leader"
1450,105,"Contibutor"
1450,646,"Contibutor"
1450,945,"Contibutor"
1450,1901,"Contibutor"
1450,4092,"Contibutor"
1450,107,"Leader"
1451,107,"Contibutor"
1451,1666,"Leader"
1452,739,"Contibutor"
1452,1776,"Contibutor"
1452,4507,"Contibutor"
1452,107,"Contibutor"
1453,105,"Contibutor"
1453,4522,"Contibutor"
1454,969,"Contibutor"
1454,2094,"Contibutor"
1454,4181,"Contibutor"
1454,107,"Leader"
1455,111,"Leader"
1456,105,"Leader"
1457,111,"Contibutor"
1457,2094,"Contibutor"
1458,105,"Contibutor"
1458,4169,"Contibutor"
1459,1689,"Contibutor"
1459,1778,"Contibutor"
1459,111,"Leader"
1460,114,"Contibutor"
1460,2647,"Leader"
1461,114,"Contibutor"
1461,1892,"Leader"
1462,65,"Contibutor"
1462,114,"Leader"
1463,808,"Contibutor"
1463,905,"Contibutor"
1463,4143,"Contibutor"
1463,2661,"Contibutor"
1463,114,"Leader"
1464,114,"Contibutor"
1464,1892,"Leader"
1465,90,"Contibutor"
1465,726,"Contibutor"
1465,2326,"Contibutor"
1465,114,"Leader"
1466,79,"Contibutor"
1466,114,"Contibutor"
1466,557,"Contibutor"
1466,4514,"Leader"
1467,4177,"Contibutor"
1467,114,"Leader"
1468,79,"Contibutor"
1468,4597,"Contibutor"
1468,114,"Leader"
1469,114,"Leader"
1470,4633,"Contibutor"
1470,114,"Leader"
1471,4042,"Contibutor"
1471,4176,"Contibutor"
1471,114,"Leader"
1472,247,"Contibutor"
1472,4176,"Contibutor"
1472,114,"Leader"
1473,646,"Contibutor"
1473,114,"Contibutor"
1473,1651,"Contibutor"
1474,4599,"Contibutor"
1474,2490,"Contibutor"
1474,1631,"Leader"
1475,116,"Contibutor"
1475,114,"Contibutor"
1475,104,"Contibutor"
1475,2578,"Contibutor"
1476,4180,"Contibutor"
1476,2657,"Contibutor"
1476,4624,"Contibutor"
1476,114,"Leader"
1477,114,"Leader"
1478,114,"Contibutor"
1478,4573,"Contibutor"
1478,4526,"Contibutor"
1478,1700,"Leader"
1479,2326,"Contibutor"
1479,2336,"Contibutor"
1479,4635,"Contibutor"
1479,114,"Leader"
1480,114,"Leader"
1481,2677,"Contibutor"
1481,114,"Leader"
1482,11,"Contibutor"
1482,4177,"Contibutor"
1482,614,"Contibutor"
1482,114,"Leader"
1483,114,"Contibutor"
1483,4624,"Contibutor"
1483,4624,"Leader"
1484,1957,"Contibutor"
1484,114,"Leader"
1485,114,"Leader"
1486,4607,"Contibutor"
1486,114,"Leader"
1487,1631,"Contibutor"
1487,114,"Leader"
1488,114,"Leader"
1489,11,"Contibutor"
1489,545,"Contibutor"
1489,4587,"Contibutor"
1489,114,"Leader"
1490,4042,"Contibutor"
1490,4176,"Contibutor"
1490,114,"Leader"
1491,4549,"Contibutor"
1491,4550,"Contibutor"
1491,4623,"Contibutor"
1491,114,"Leader"
1492,11,"Contibutor"
1492,4177,"Contibutor"
1492,614,"Contibutor"
1492,114,"Leader"
1493,238,"Contibutor"
1493,114,"Leader"
1494,674,"Contibutor"
1494,4598,"Contibutor"
1494,114,"Leader"
1495,1855,"Contibutor"
1495,4638,"Contibutor"
1495,114,"Leader"
1496,4176,"Contibutor"
1496,2127,"Contibutor"
1496,114,"Leader"
1497,2646,"Contibutor"
1497,1698,"Contibutor"
1497,4013,"Contibutor"
1497,2316,"Contibutor"
1497,2647,"Contibutor"
1497,114,"Leader"
1498,4180,"Contibutor"
1498,4575,"Contibutor"
1498,305,"Contibutor"
1498,114,"Leader"
1499,1200,"Contibutor"
1499,114,"Leader"
1500,114,"Contibutor"
1500,1878,"Contibutor"
1500,1942,"Contibutor"
1500,1709,"Contibutor"
1500,2677,"Contibutor"
1501,114,"Contibutor"
1501,2672,"Contibutor"
1501,1631,"Leader"
1502,114,"Contibutor"
1502,86,"Contibutor"
1502,2578,"Contibutor"
1502,1793,"Contibutor"
1502,2673,"Leader"
1503,90,"Contibutor"
1503,91,"Contibutor"
1503,2652,"Contibutor"
1503,114,"Leader"
1504,646,"Contibutor"
1504,2578,"Contibutor"
1504,279,"Contibutor"
1504,114,"Leader"
982,1449,"Contibutor"
982,363,"Contibutor"
982,113,"Leader"
1505,951,"Contibutor"
1505,694,"Contibutor"
1505,118,"Leader"
1506,1896,"Contibutor"
1506,118,"Leader"
1507,1883,"Contibutor"
1507,118,"Leader"
1508,118,"Leader"
1509,1761,"Contibutor"
1509,118,"Leader"
1510,979,"Contibutor"
1510,118,"Leader"
1511,974,"Contibutor"
1511,118,"Leader"
1512,974,"Contibutor"
1512,118,"Leader"
1513,974,"Contibutor"
1513,118,"Leader"
1514,994,"Contibutor"
1514,118,"Leader"
1515,1202,"Contibutor"
1515,118,"Leader"
1516,1202,"Contibutor"
1516,118,"Leader"
1517,1202,"Contibutor"
1517,118,"Leader"
1518,1702,"Contibutor"
1518,1879,"Contibutor"
1518,1721,"Contibutor"
1518,951,"Contibutor"
1518,118,"Leader"
1519,1702,"Contibutor"
1519,1879,"Contibutor"
1519,1721,"Contibutor"
1519,951,"Contibutor"
1519,118,"Leader"
1520,1663,"Contibutor"
1520,118,"Leader"
1521,1663,"Contibutor"
1521,118,"Leader"
1522,1663,"Contibutor"
1522,118,"Leader"
1523,1663,"Contibutor"
1523,118,"Leader"
1524,118,"Contibutor"
1524,4517,"Contibutor"
1524,1664,"Contibutor"
1524,2245,"Contibutor"
1524,2250,"Leader"
1525,105,"Leader"
1526,112,"Leader"
1527,112,"Leader"
1528,112,"Leader"
1529,991,"Contibutor"
1529,966,"Contibutor"
1529,2686,"Contibutor"
1529,105,"Leader"
1530,118,"Leader"
1531,118,"Leader"
1532,951,"Contibutor"
1532,118,"Leader"
1533,1202,"Contibutor"
1533,105,"Leader"
1534,118,"Leader"
1535,118,"Leader"
1536,118,"Leader"
1537,118,"Leader"
1538,107,"Leader"
1539,1631,"Contibutor"
1539,107,"Leader"
1540,1032,"Contibutor"
1540,109,"Leader"
1541,1065,"Contibutor"
1541,112,"Leader"
1543,108,"Leader"
1544,2469,"Contibutor"
1544,974,"Contibutor"
1544,1664,"Contibutor"
1544,1903,"Contibutor"
1544,1888,"Contibutor"
1544,110,"Leader"
1545,118,"Contibutor"
1545,945,"Contibutor"
1545,107,"Leader"
983,1092,"Contibutor"
983,110,"Leader"
1,691,"Contibutor"
1,106,"Contibutor"
1,694,"Contibutor"
1,110,"Leader"
2,1631,"Contibutor"
2,815,"Contibutor"
2,971,"Contibutor"
2,2106,"Contibutor"
2,812,"Contibutor"
2,107,"Leader"
3,1739,"Contibutor"
3,1657,"Contibutor"
3,104,"Leader"
4,506,"Contibutor"
4,554,"Contibutor"
4,711,"Contibutor"
4,106,"Contibutor"
4,107,"Leader"
5,263,"Contibutor"
5,2005,"Contibutor"
5,71,"Contibutor"
5,72,"Contibutor"
5,108,"Leader"
6,263,"Contibutor"
6,2005,"Contibutor"
6,71,"Contibutor"
6,72,"Contibutor"
6,108,"Leader"
7,263,"Contibutor"
7,2005,"Contibutor"
7,71,"Contibutor"
7,72,"Contibutor"
7,108,"Leader"
8,994,"Contibutor"
8,1185,"Contibutor"
8,974,"Contibutor"
8,966,"Contibutor"
8,1109,"Contibutor"
8,105,"Leader"
9,269,"Contibutor"
9,523,"Leader"
984,1449,"Contibutor"
984,528,"Contibutor"
984,584,"Contibutor"
984,79,"Contibutor"
984,113,"Leader"
10,1449,"Contibutor"
10,528,"Contibutor"
10,584,"Contibutor"
10,79,"Contibutor"
10,113,"Leader"
11,113,"Contibutor"
11,113,"Leader"
12,113,"Contibutor"
12,113,"Leader"
13,1228,"Contibutor"
13,1227,"Contibutor"
13,481,"Contibutor"
13,285,"Contibutor"
13,944,"Contibutor"
13,107,"Leader"
14,116,"Contibutor"
14,116,"Leader"
15,203,"Contibutor"
15,104,"Contibutor"
15,203,"Leader"
16,110,"Contibutor"
16,110,"Leader"
985,93,"Contibutor"
985,349,"Contibutor"
985,598,"Contibutor"
985,4052,"Contibutor"
985,110,"Leader"
17,110,"Contibutor"
17,93,"Contibutor"
17,110,"Leader"
18,350,"Contibutor"
18,108,"Leader"
19,350,"Contibutor"
19,263,"Contibutor"
19,108,"Leader"
20,108,"Contibutor"
20,108,"Leader"
21,263,"Contibutor"
21,350,"Contibutor"
21,108,"Leader"
22,467,"Contibutor"
22,106,"Leader"
23,191,"Contibutor"
23,269,"Contibutor"
23,711,"Contibutor"
23,448,"Contibutor"
23,471,"Contibutor"
23,106,"Leader"
24,195,"Contibutor"
24,108,"Leader"
25,108,"Contibutor"
25,108,"Leader"
26,110,"Contibutor"
26,1650,"Leader"
27,112,"Contibutor"
27,673,"Contibutor"
27,106,"Leader"
28,1946,"Contibutor"
28,1086,"Contibutor"
28,1762,"Contibutor"
28,113,"Leader"
986,673,"Contibutor"
986,101,"Contibutor"
986,113,"Leader"
29,673,"Contibutor"
29,101,"Contibutor"
29,113,"Leader"
30,1259,"Contibutor"
30,974,"Contibutor"
30,1664,"Contibutor"
30,47,"Leader"
31,1731,"Contibutor"
31,951,"Contibutor"
31,108,"Leader"
32,371,"Contibutor"
32,257,"Contibutor"
32,2307,"Contibutor"
32,107,"Leader"
987,107,"Contibutor"
987,264,"Contibutor"
987,2420,"Contibutor"
987,526,"Contibutor"
987,4413,"Contibutor"
987,1548,"Leader"
33,107,"Contibutor"
33,680,"Contibutor"
33,264,"Contibutor"
33,1548,"Contibutor"
33,815,"Contibutor"
34,1626,"Contibutor"
34,938,"Contibutor"
34,77,"Contibutor"
34,112,"Leader"
35,1298,"Contibutor"
35,954,"Contibutor"
35,973,"Contibutor"
35,1775,"Contibutor"
35,108,"Leader"
36,110,"Contibutor"
36,119,"Leader"
37,108,"Contibutor"
37,108,"Leader"
38,108,"Contibutor"
38,108,"Leader"
39,784,"Contibutor"
39,108,"Leader"
40,79,"Contibutor"
40,673,"Contibutor"
40,108,"Leader"
41,119,"Contibutor"
41,110,"Leader"
42,1506,"Contibutor"
42,695,"Contibutor"
42,717,"Contibutor"
42,1909,"Contibutor"
42,1972,"Contibutor"
42,113,"Leader"
43,113,"Contibutor"
43,656,"Contibutor"
43,1619,"Contibutor"
43,656,"Leader"
44,69,"Contibutor"
44,2063,"Contibutor"
44,601,"Contibutor"
44,113,"Leader"
45,1650,"Contibutor"
45,1661,"Leader"
46,106,"Contibutor"
46,610,"Leader"
47,1206,"Contibutor"
47,1395,"Contibutor"
47,1830,"Leader"
48,960,"Contibutor"
48,110,"Leader"
49,1137,"Contibutor"
49,292,"Contibutor"
49,185,"Contibutor"
49,954,"Contibutor"
49,113,"Leader"
50,674,"Contibutor"
50,113,"Leader"
51,113,"Contibutor"
51,113,"Leader"
52,528,"Contibutor"
52,108,"Leader"
53,816,"Contibutor"
53,1729,"Contibutor"
53,948,"Contibutor"
53,2134,"Contibutor"
53,2143,"Contibutor"
53,107,"Leader"
988,2305,"Contibutor"
988,110,"Contibutor"
988,1662,"Contibutor"
988,1631,"Contibutor"
988,2056,"Contibutor"
988,1688,"Leader"
989,2055,"Contibutor"
989,107,"Leader"
54,2055,"Contibutor"
54,107,"Leader"
55,79,"Contibutor"
55,1638,"Contibutor"
55,108,"Leader"
56,108,"Contibutor"
56,1813,"Contibutor"
56,2087,"Leader"
57,12,"Contibutor"
57,467,"Contibutor"
57,122,"Contibutor"
57,79,"Contibutor"
57,191,"Contibutor"
57,106,"Leader"
58,646,"Contibutor"
58,693,"Contibutor"
58,2144,"Contibutor"
58,2306,"Contibutor"
58,2143,"Contibutor"
58,107,"Leader"
59,960,"Contibutor"
59,253,"Contibutor"
59,107,"Leader"
60,960,"Contibutor"
60,253,"Contibutor"
60,475,"Contibutor"
60,296,"Contibutor"
60,107,"Leader"
61,1631,"Contibutor"
62,1103,"Contibutor"
62,1631,"Leader"
63,601,"Contibutor"
63,2492,"Contibutor"
63,113,"Leader"
64,1631,"Contibutor"
990,113,"Contibutor"
990,106,"Contibutor"
990,1631,"Contibutor"
990,107,"Contibutor"
990,973,"Contibutor"
65,113,"Contibutor"
65,106,"Contibutor"
65,1631,"Contibutor"
65,105,"Contibutor"
65,107,"Leader"
66,1631,"Contibutor"
67,579,"Contibutor"
67,2496,"Contibutor"
67,1631,"Leader"
68,1631,"Contibutor"
69,1631,"Contibutor"
70,2537,"Contibutor"
70,1631,"Leader"
71,1631,"Contibutor"
991,1631,"Contibutor"
991,106,"Contibutor"
991,1631,"Leader"
72,79,"Contibutor"
72,707,"Contibutor"
72,746,"Contibutor"
72,610,"Contibutor"
72,106,"Contibutor"
72,113,"Leader"
73,108,"Contibutor"
73,498,"Contibutor"
73,789,"Leader"
74,108,"Contibutor"
74,498,"Contibutor"
74,789,"Leader"
75,108,"Contibutor"
75,375,"Contibutor"
75,789,"Leader"
76,106,"Contibutor"
76,445,"Contibutor"
76,789,"Leader"
77,108,"Contibutor"
77,299,"Contibutor"
77,789,"Leader"
78,299,"Contibutor"
78,108,"Contibutor"
78,789,"Leader"
79,118,"Contibutor"
79,363,"Contibutor"
79,789,"Leader"
80,118,"Contibutor"
80,363,"Contibutor"
80,789,"Leader"
81,118,"Contibutor"
81,363,"Contibutor"
81,789,"Leader"
82,118,"Contibutor"
82,363,"Contibutor"
82,789,"Leader"
83,108,"Contibutor"
83,301,"Contibutor"
83,789,"Leader"
84,104,"Contibutor"
84,300,"Contibutor"
84,789,"Leader"
85,108,"Contibutor"
85,301,"Contibutor"
85,789,"Leader"
86,108,"Contibutor"
86,301,"Contibutor"
86,789,"Leader"
87,108,"Contibutor"
87,301,"Contibutor"
87,789,"Leader"
88,108,"Contibutor"
88,301,"Contibutor"
88,789,"Leader"
89,303,"Contibutor"
89,108,"Contibutor"
89,789,"Leader"
90,108,"Contibutor"
90,2083,"Contibutor"
90,789,"Leader"
91,108,"Contibutor"
91,2083,"Contibutor"
91,789,"Leader"
92,118,"Contibutor"
92,789,"Leader"
93,500,"Contibutor"
93,106,"Contibutor"
93,789,"Leader"
94,106,"Contibutor"
94,500,"Contibutor"
94,789,"Leader"
95,108,"Contibutor"
95,108,"Leader"
96,1684,"Contibutor"
96,106,"Contibutor"
96,1650,"Contibutor"
96,112,"Contibutor"
96,110,"Contibutor"
97,106,"Contibutor"
97,118,"Contibutor"
97,110,"Contibutor"
97,204,"Contibutor"
97,1178,"Leader"
98,646,"Contibutor"
98,110,"Contibutor"
98,112,"Contibutor"
98,1395,"Leader"
99,310,"Contibutor"
99,1913,"Contibutor"
99,110,"Leader"
100,1689,"Contibutor"
100,110,"Leader"
101,110,"Contibutor"
101,2278,"Contibutor"
101,2256,"Leader"
102,739,"Contibutor"
102,106,"Leader"
103,110,"Contibutor"
103,108,"Contibutor"
103,711,"Contibutor"
103,815,"Contibutor"
103,945,"Contibutor"
103,106,"Leader"
104,1938,"Contibutor"
104,113,"Leader"
992,674,"Contibutor"
992,113,"Leader"
105,674,"Contibutor"
105,113,"Leader"
106,79,"Contibutor"
106,113,"Leader"
107,187,"Contibutor"
107,79,"Contibutor"
107,113,"Leader"
108,552,"Contibutor"
108,106,"Contibutor"
108,105,"Leader"
993,106,"Contibutor"
993,110,"Contibutor"
993,349,"Contibutor"
993,204,"Contibutor"
993,108,"Contibutor"
993,974,"Leader"
109,106,"Contibutor"
109,110,"Contibutor"
109,974,"Leader"
110,108,"Contibutor"
110,108,"Leader"
111,1726,"Contibutor"
111,108,"Leader"
112,110,"Contibutor"
112,106,"Leader"
113,2116,"Contibutor"
113,106,"Leader"
114,2116,"Contibutor"
114,106,"Leader"
994,110,"Contibutor"
994,110,"Leader"
115,110,"Contibutor"
115,110,"Leader"
117,108,"Leader"
995,110,"Contibutor"
995,110,"Leader"
118,118,"Contibutor"
118,110,"Leader"
119,429,"Contibutor"
119,1065,"Contibutor"
119,799,"Contibutor"
119,119,"Leader"
120,2116,"Contibutor"
120,106,"Leader"
121,2116,"Contibutor"
121,106,"Leader"
122,2116,"Contibutor"
122,106,"Leader"
123,110,"Contibutor"
123,110,"Leader"
124,110,"Contibutor"
124,110,"Leader"
125,110,"Contibutor"
125,110,"Leader"
996,113,"Contibutor"
996,2055,"Contibutor"
996,113,"Leader"
126,113,"Contibutor"
126,111,"Contibutor"
126,106,"Contibutor"
126,118,"Contibutor"
126,105,"Contibutor"
126,113,"Leader"
127,2112,"Contibutor"
127,1143,"Contibutor"
127,119,"Contibutor"
127,2237,"Contibutor"
127,2236,"Contibutor"
127,108,"Leader"
128,1143,"Contibutor"
128,1633,"Contibutor"
128,119,"Contibutor"
128,108,"Leader"
129,1143,"Contibutor"
129,119,"Contibutor"
129,108,"Leader"
130,929,"Contibutor"
131,113,"Contibutor"
131,691,"Contibutor"
131,1662,"Leader"
132,108,"Contibutor"
132,1631,"Contibutor"
132,1631,"Leader"
133,110,"Contibutor"
133,110,"Leader"
135,108,"Contibutor"
135,108,"Leader"
137,676,"Contibutor"
137,89,"Contibutor"
137,487,"Contibutor"
137,113,"Leader"
138,203,"Contibutor"
138,112,"Leader"
139,2015,"Contibutor"
139,935,"Contibutor"
139,108,"Leader"
140,659,"Contibutor"
140,113,"Leader"
141,697,"Contibutor"
141,1847,"Contibutor"
141,650,"Contibutor"
141,113,"Leader"
142,1859,"Contibutor"
142,707,"Contibutor"
142,113,"Leader"
143,349,"Contibutor"
143,974,"Contibutor"
143,108,"Leader"
144,1398,"Contibutor"
144,1767,"Contibutor"
144,108,"Leader"
145,108,"Contibutor"
145,960,"Contibutor"
145,975,"Contibutor"
145,1470,"Leader"
146,108,"Contibutor"
146,690,"Contibutor"
146,108,"Leader"
147,108,"Contibutor"
147,973,"Contibutor"
147,108,"Leader"
148,108,"Contibutor"
148,108,"Leader"
149,110,"Contibutor"
149,110,"Leader"
150,1805,"Contibutor"
150,2000,"Contibutor"
150,110,"Leader"
151,106,"Contibutor"
151,1849,"Contibutor"
151,106,"Leader"
152,951,"Contibutor"
152,954,"Contibutor"
152,973,"Contibutor"
152,954,"Leader"
153,951,"Contibutor"
153,954,"Contibutor"
153,1078,"Contibutor"
153,973,"Contibutor"
153,108,"Leader"
154,954,"Contibutor"
154,1078,"Leader"
155,954,"Contibutor"
155,108,"Leader"
156,104,"Contibutor"
156,1078,"Contibutor"
156,973,"Contibutor"
156,954,"Contibutor"
156,530,"Contibutor"
157,1186,"Contibutor"
157,973,"Contibutor"
157,486,"Contibutor"
157,951,"Contibutor"
157,954,"Leader"
158,530,"Contibutor"
158,951,"Contibutor"
158,973,"Contibutor"
158,1078,"Contibutor"
158,530,"Leader"
159,954,"Contibutor"
159,372,"Contibutor"
159,108,"Leader"
160,1065,"Contibutor"
160,118,"Leader"
161,954,"Contibutor"
161,108,"Leader"
162,110,"Contibutor"
162,1631,"Contibutor"
162,694,"Contibutor"
162,113,"Contibutor"
162,699,"Contibutor"
162,1688,"Leader"
163,112,"Contibutor"
163,123,"Contibutor"
163,273,"Contibutor"
163,556,"Leader"
164,429,"Contibutor"
164,119,"Leader"
165,1688,"Contibutor"
165,699,"Contibutor"
165,1631,"Contibutor"
165,694,"Contibutor"
165,1662,"Contibutor"
165,1767,"Leader"
976,63,"Contibutor"
976,4327,"Contibutor"
976,4300,"Contibutor"
976,4366,"Contibutor"
976,113,"Leader"
166,107,"Contibutor"
167,491,"Contibutor"
167,1606,"Contibutor"
167,1676,"Contibutor"
167,104,"Leader"
168,104,"Contibutor"
168,1606,"Contibutor"
168,1676,"Leader"
997,104,"Contibutor"
997,1606,"Contibutor"
997,1676,"Contibutor"
169,1606,"Contibutor"
169,104,"Leader"
998,1606,"Contibutor"
998,109,"Contibutor"
998,2596,"Contibutor"
998,2586,"Contibutor"
998,279,"Contibutor"
998,104,"Leader"
170,1606,"Contibutor"
170,104,"Leader"
999,1606,"Contibutor"
999,238,"Contibutor"
999,1018,"Contibutor"
999,2597,"Contibutor"
171,104,"Leader"
1000,1018,"Contibutor"
1000,2586,"Contibutor"
1000,2597,"Contibutor"
1000,104,"Contibutor"
1000,1780,"Leader"
172,87,"Contibutor"
172,108,"Leader"
173,87,"Contibutor"
173,108,"Leader"
174,960,"Contibutor"
174,945,"Contibutor"
174,108,"Leader"
175,491,"Contibutor"
175,294,"Contibutor"
175,363,"Contibutor"
175,214,"Leader"
176,119,"Contibutor"
176,110,"Leader"
177,119,"Contibutor"
177,110,"Leader"
178,1859,"Contibutor"
178,108,"Leader"
179,2280,"Contibutor"
179,1686,"Contibutor"
179,108,"Leader"
180,112,"Contibutor"
180,107,"Contibutor"
180,106,"Contibutor"
180,538,"Contibutor"
180,110,"Leader"
181,954,"Contibutor"
181,973,"Contibutor"
181,108,"Contibutor"
181,951,"Contibutor"
181,954,"Leader"
182,108,"Contibutor"
182,954,"Contibutor"
182,1078,"Leader"
183,108,"Contibutor"
183,973,"Contibutor"
183,486,"Contibutor"
183,951,"Contibutor"
183,954,"Leader"
184,108,"Contibutor"
184,902,"Contibutor"
184,951,"Contibutor"
184,973,"Contibutor"
184,1078,"Contibutor"
184,530,"Leader"
185,110,"Contibutor"
185,113,"Contibutor"
185,119,"Leader"
186,594,"Contibutor"
186,1653,"Contibutor"
186,2251,"Contibutor"
186,2201,"Contibutor"
186,739,"Leader"
187,106,"Contibutor"
187,110,"Leader"
188,86,"Contibutor"
188,93,"Contibutor"
188,113,"Leader"
189,513,"Leader"
190,110,"Contibutor"
190,1913,"Contibutor"
190,1689,"Contibutor"
190,310,"Contibutor"
190,590,"Leader"
191,1913,"Contibutor"
191,2293,"Contibutor"
191,110,"Leader"
192,1913,"Contibutor"
192,1656,"Contibutor"
192,1660,"Contibutor"
192,1760,"Contibutor"
192,1689,"Contibutor"
192,110,"Leader"
193,966,"Contibutor"
193,109,"Leader"
1001,966,"Contibutor"
1001,944,"Contibutor"
1001,1008,"Contibutor"
1001,2606,"Contibutor"
1001,93,"Contibutor"
1001,109,"Leader"
194,163,"Contibutor"
194,109,"Leader"
1002,163,"Contibutor"
1002,93,"Contibutor"
1002,2582,"Contibutor"
1002,2573,"Contibutor"
1002,2680,"Contibutor"
1002,109,"Leader"
197,109,"Contibutor"
197,109,"Leader"
1003,1631,"Contibutor"
1003,109,"Leader"
198,104,"Contibutor"
198,109,"Contibutor"
198,109,"Leader"
1004,966,"Contibutor"
1004,1821,"Contibutor"
1004,2579,"Contibutor"
1004,2600,"Contibutor"
1004,419,"Contibutor"
1004,109,"Leader"
199,273,"Contibutor"
199,1018,"Contibutor"
199,1078,"Contibutor"
199,439,"Contibutor"
199,203,"Contibutor"
199,104,"Leader"
200,1018,"Contibutor"
200,690,"Contibutor"
200,414,"Contibutor"
200,104,"Leader"
201,104,"Contibutor"
201,104,"Leader"
1005,104,"Contibutor"
1005,104,"Leader"
202,1018,"Contibutor"
202,273,"Contibutor"
202,305,"Contibutor"
202,104,"Leader"
203,305,"Contibutor"
203,104,"Leader"
1006,305,"Contibutor"
1006,1768,"Contibutor"
1006,2574,"Contibutor"
1006,2587,"Contibutor"
1006,104,"Leader"
204,93,"Contibutor"
204,1599,"Contibutor"
204,1460,"Contibutor"
204,104,"Contibutor"
204,651,"Contibutor"
204,104,"Leader"
205,1018,"Contibutor"
205,273,"Contibutor"
205,104,"Leader"
1007,1018,"Contibutor"
1007,273,"Contibutor"
1007,2584,"Contibutor"
1007,104,"Leader"
206,557,"Contibutor"
206,294,"Contibutor"
206,432,"Contibutor"
206,104,"Leader"
1008,557,"Contibutor"
1008,294,"Contibutor"
1008,432,"Contibutor"
1008,1075,"Contibutor"
1008,2342,"Contibutor"
1008,104,"Leader"
207,104,"Contibutor"
207,104,"Leader"
1009,104,"Contibutor"
208,439,"Contibutor"
208,104,"Leader"
1010,439,"Contibutor"
1010,1780,"Contibutor"
1010,238,"Contibutor"
1010,2593,"Contibutor"
1010,2332,"Contibutor"
1010,104,"Leader"
209,1018,"Contibutor"
209,1470,"Contibutor"
209,104,"Leader"
1011,1018,"Contibutor"
1011,1470,"Contibutor"
1011,2597,"Contibutor"
1011,439,"Contibutor"
1011,394,"Contibutor"
1011,104,"Leader"
210,1024,"Contibutor"
210,739,"Leader"
1012,1024,"Contibutor"
1012,693,"Contibutor"
1012,739,"Leader"
211,305,"Contibutor"
211,104,"Leader"
212,1676,"Contibutor"
212,104,"Leader"
1013,1676,"Contibutor"
1013,1780,"Contibutor"
1013,2597,"Contibutor"
1013,104,"Leader"
213,104,"Contibutor"
213,104,"Leader"
1014,104,"Contibutor"
1014,104,"Leader"
214,104,"Leader"
1015,1780,"Contibutor"
1015,2595,"Contibutor"
1015,104,"Leader"
215,104,"Contibutor"
215,104,"Leader"
1016,104,"Contibutor"
1016,1738,"Contibutor"
1016,1018,"Contibutor"
1016,238,"Contibutor"
1016,1780,"Contibutor"
1016,104,"Leader"
216,104,"Contibutor"
216,104,"Leader"
1017,104,"Contibutor"
1017,1692,"Contibutor"
1017,1738,"Contibutor"
1017,104,"Leader"
217,104,"Contibutor"
217,104,"Leader"
218,104,"Contibutor"
218,104,"Leader"
1018,104,"Contibutor"
1018,104,"Leader"
219,2056,"Contibutor"
219,104,"Leader"
1019,2056,"Contibutor"
1019,2576,"Contibutor"
1019,2596,"Contibutor"
1019,104,"Leader"
220,104,"Contibutor"
220,104,"Leader"
1020,1606,"Contibutor"
1020,104,"Leader"
1021,113,"Contibutor"
1021,4144,"Contibutor"
1021,363,"Contibutor"
221,113,"Contibutor"
221,1966,"Leader"
222,113,"Contibutor"
222,113,"Leader"
1022,500,"Contibutor"
1022,582,"Contibutor"
1022,659,"Contibutor"
1022,697,"Leader"
223,646,"Contibutor"
223,674,"Contibutor"
223,673,"Contibutor"
223,107,"Leader"
1023,674,"Contibutor"
1023,518,"Contibutor"
1023,107,"Leader"
224,674,"Contibutor"
224,107,"Leader"
1024,1748,"Contibutor"
1024,113,"Leader"
1025,1898,"Contibutor"
1025,113,"Leader"
225,1898,"Contibutor"
225,113,"Leader"
226,1889,"Contibutor"
226,146,"Contibutor"
226,79,"Contibutor"
226,1862,"Contibutor"
226,113,"Leader"
227,2209,"Contibutor"
227,113,"Leader"
1026,674,"Contibutor"
1026,107,"Leader"
228,674,"Contibutor"
228,107,"Leader"
229,674,"Contibutor"
229,107,"Leader"
230,673,"Contibutor"
230,113,"Leader"
231,106,"Contibutor"
231,12,"Contibutor"
231,1839,"Contibutor"
231,109,"Contibutor"
231,104,"Leader"
232,110,"Contibutor"
232,113,"Contibutor"
232,119,"Leader"
233,1631,"Contibutor"
233,1821,"Contibutor"
233,112,"Leader"
234,1018,"Contibutor"
234,104,"Leader"
235,1018,"Contibutor"
235,104,"Leader"
236,1078,"Contibutor"
236,104,"Leader"
237,104,"Contibutor"
237,1078,"Leader"
238,104,"Contibutor"
238,203,"Leader"
239,1839,"Contibutor"
239,1036,"Contibutor"
239,739,"Contibutor"
239,104,"Leader"
240,2230,"Contibutor"
240,109,"Leader"
1027,2230,"Contibutor"
1027,690,"Contibutor"
1027,104,"Contibutor"
1027,2230,"Leader"
241,1766,"Contibutor"
241,106,"Leader"
242,727,"Contibutor"
242,106,"Leader"
243,109,"Contibutor"
243,109,"Leader"
244,693,"Contibutor"
244,1114,"Contibutor"
244,109,"Leader"
245,109,"Contibutor"
245,109,"Leader"
246,104,"Contibutor"
246,104,"Leader"
247,739,"Contibutor"
247,104,"Leader"
249,110,"Contibutor"
249,110,"Leader"
250,1892,"Contibutor"
250,110,"Leader"
251,104,"Contibutor"
251,104,"Leader"
252,104,"Contibutor"
252,104,"Leader"
253,1662,"Contibutor"
253,1985,"Contibutor"
253,104,"Leader"
254,109,"Contibutor"
254,104,"Contibutor"
254,690,"Leader"
1028,109,"Contibutor"
1028,104,"Contibutor"
1028,690,"Leader"
255,1924,"Contibutor"
255,109,"Leader"
256,1924,"Contibutor"
256,109,"Leader"
257,727,"Contibutor"
257,106,"Leader"
258,727,"Contibutor"
258,106,"Leader"
259,727,"Contibutor"
259,106,"Leader"
260,104,"Contibutor"
260,959,"Leader"
261,693,"Contibutor"
261,109,"Leader"
262,568,"Contibutor"
262,113,"Leader"
263,1892,"Contibutor"
263,1850,"Contibutor"
263,1871,"Contibutor"
263,110,"Leader"
264,1711,"Contibutor"
264,119,"Leader"
265,951,"Contibutor"
265,119,"Leader"
266,119,"Contibutor"
266,119,"Leader"
267,119,"Contibutor"
267,119,"Leader"
268,115,"Contibutor"
268,115,"Leader"
269,1503,"Contibutor"
269,116,"Leader"
270,286,"Contibutor"
270,1775,"Contibutor"
270,146,"Contibutor"
270,113,"Leader"
271,116,"Contibutor"
271,116,"Leader"
272,2095,"Contibutor"
272,110,"Leader"
273,2069,"Contibutor"
273,2064,"Contibutor"
273,2072,"Contibutor"
273,107,"Contibutor"
273,113,"Leader"
274,107,"Contibutor"
274,105,"Contibutor"
274,108,"Contibutor"
274,1661,"Contibutor"
274,1905,"Contibutor"
274,1197,"Contibutor"
274,739,"Contibutor"
274,106,"Contibutor"
274,111,"Leader"
275,717,"Contibutor"
275,113,"Leader"
276,767,"Contibutor"
276,108,"Leader"
277,2065,"Contibutor"
277,108,"Leader"
278,1736,"Contibutor"
278,105,"Leader"
279,109,"Contibutor"
279,111,"Contibutor"
279,106,"Contibutor"
279,107,"Contibutor"
279,113,"Contibutor"
279,107,"Leader"
280,113,"Contibutor"
280,111,"Contibutor"
280,1661,"Contibutor"
280,1197,"Contibutor"
280,739,"Contibutor"
280,107,"Leader"
281,110,"Contibutor"
281,2376,"Contibutor"
281,110,"Leader"
1029,349,"Contibutor"
1029,146,"Contibutor"
1029,113,"Contibutor"
1029,1377,"Leader"
282,349,"Contibutor"
282,113,"Contibutor"
282,1377,"Leader"
283,113,"Contibutor"
283,301,"Contibutor"
283,2389,"Contibutor"
284,113,"Contibutor"
284,113,"Leader"
285,42,"Contibutor"
285,717,"Contibutor"
285,551,"Contibutor"
285,579,"Contibutor"
285,1322,"Contibutor"
285,110,"Leader"
286,1871,"Contibutor"
286,110,"Leader"
287,590,"Contibutor"
287,110,"Leader"
1030,195,"Contibutor"
1030,79,"Contibutor"
1030,262,"Contibutor"
1030,105,"Leader"
288,195,"Contibutor"
288,79,"Contibutor"
288,105,"Leader"
289,110,"Contibutor"
289,202,"Contibutor"
1031,93,"Contibutor"
1031,113,"Contibutor"
1031,2380,"Contibutor"
1031,2380,"Leader"
290,93,"Contibutor"
290,113,"Contibutor"
290,2380,"Contibutor"
291,105,"Contibutor"
291,113,"Contibutor"
291,110,"Contibutor"
291,106,"Contibutor"
291,107,"Leader"
1032,195,"Contibutor"
1032,2258,"Contibutor"
1032,966,"Contibutor"
1032,2260,"Contibutor"
1032,105,"Leader"
292,105,"Contibutor"
292,195,"Contibutor"
292,2258,"Contibutor"
292,966,"Contibutor"
1033,195,"Contibutor"
1033,255,"Contibutor"
1033,2498,"Contibutor"
1033,1655,"Contibutor"
1033,105,"Leader"
293,105,"Contibutor"
293,195,"Contibutor"
293,255,"Contibutor"
293,2498,"Contibutor"
294,105,"Contibutor"
294,195,"Contibutor"
294,1579,"Contibutor"
294,79,"Contibutor"
294,146,"Contibutor"
294,80,"Contibutor"
295,105,"Contibutor"
295,195,"Contibutor"
295,314,"Contibutor"
295,79,"Contibutor"
1034,195,"Contibutor"
1034,252,"Contibutor"
1034,79,"Contibutor"
1034,2259,"Contibutor"
1034,105,"Leader"
296,105,"Contibutor"
296,195,"Contibutor"
296,252,"Contibutor"
296,79,"Contibutor"
297,105,"Contibutor"
297,195,"Contibutor"
297,356,"Contibutor"
297,262,"Contibutor"
297,79,"Contibutor"
1035,195,"Contibutor"
1035,356,"Contibutor"
1035,79,"Contibutor"
1035,105,"Leader"
298,105,"Contibutor"
298,195,"Contibutor"
298,356,"Contibutor"
298,79,"Contibutor"
299,697,"Contibutor"
299,113,"Contibutor"
300,113,"Contibutor"
300,79,"Contibutor"
300,1889,"Contibutor"
300,146,"Contibutor"
301,146,"Contibutor"
301,116,"Leader"
1036,2070,"Contibutor"
1036,106,"Leader"
302,283,"Contibutor"
302,110,"Leader"
303,110,"Contibutor"
303,119,"Leader"
304,119,"Contibutor"
304,110,"Leader"
305,119,"Contibutor"
305,110,"Leader"
306,119,"Contibutor"
306,110,"Leader"
307,1568,"Contibutor"
307,2133,"Contibutor"
307,543,"Contibutor"
307,2176,"Contibutor"
307,2177,"Contibutor"
307,2178,"Contibutor"
307,110,"Leader"
308,1568,"Contibutor"
308,2133,"Contibutor"
308,543,"Contibutor"
308,2177,"Contibutor"
308,2176,"Contibutor"
308,2178,"Contibutor"
308,110,"Leader"
309,110,"Contibutor"
309,623,"Leader"
310,797,"Contibutor"
310,110,"Leader"
311,797,"Contibutor"
311,2248,"Contibutor"
311,110,"Leader"
312,1709,"Contibutor"
312,110,"Leader"
313,1662,"Contibutor"
313,110,"Leader"
314,110,"Contibutor"
314,110,"Leader"
315,2033,"Contibutor"
315,110,"Leader"
316,2033,"Contibutor"
316,110,"Leader"
317,1758,"Contibutor"
317,1847,"Contibutor"
317,1644,"Contibutor"
317,110,"Leader"
318,2536,"Contibutor"
318,110,"Leader"
319,1669,"Contibutor"
319,110,"Leader"
320,112,"Contibutor"
320,1656,"Contibutor"
320,90,"Contibutor"
320,112,"Leader"
321,112,"Contibutor"
321,112,"Leader"
322,112,"Contibutor"
322,112,"Leader"
323,112,"Contibutor"
323,112,"Leader"
324,112,"Contibutor"
324,11,"Contibutor"
324,112,"Leader"
325,112,"Contibutor"
325,739,"Contibutor"
325,1897,"Contibutor"
325,105,"Contibutor"
325,1599,"Contibutor"
326,90,"Contibutor"
326,112,"Leader"
327,2025,"Contibutor"
327,112,"Contibutor"
327,2025,"Leader"
328,2025,"Contibutor"
328,112,"Contibutor"
328,112,"Leader"
329,2025,"Contibutor"
329,112,"Leader"
330,118,"Contibutor"
330,110,"Contibutor"
330,119,"Contibutor"
330,112,"Leader"
331,110,"Contibutor"
331,119,"Contibutor"
331,118,"Contibutor"
331,112,"Leader"
332,711,"Contibutor"
332,711,"Leader"
333,2536,"Contibutor"
333,110,"Leader"
334,112,"Contibutor"
334,2400,"Contibutor"
334,651,"Leader"
335,112,"Contibutor"
335,112,"Leader"
336,112,"Contibutor"
336,2400,"Contibutor"
336,651,"Leader"
1037,112,"Contibutor"
1037,115,"Contibutor"
1037,140,"Contibutor"
1037,552,"Contibutor"
1037,107,"Contibutor"
1037,1382,"Leader"
337,552,"Contibutor"
337,115,"Contibutor"
337,79,"Contibutor"
337,1382,"Contibutor"
337,107,"Leader"
338,2143,"Contibutor"
338,107,"Leader"
339,1847,"Contibutor"
339,785,"Contibutor"
339,1297,"Contibutor"
339,1718,"Contibutor"
339,291,"Contibutor"
339,113,"Leader"
340,113,"Contibutor"
340,961,"Contibutor"
340,697,"Leader"
341,935,"Contibutor"
341,2015,"Contibutor"
341,108,"Leader"
342,118,"Contibutor"
342,111,"Contibutor"
342,585,"Contibutor"
342,79,"Contibutor"
342,646,"Contibutor"
342,110,"Leader"
343,115,"Contibutor"
343,2419,"Contibutor"
343,2335,"Contibutor"
848,533,"Contibutor"
848,614,"Contibutor"
848,112,"Leader"
849,105,"Contibutor"
849,112,"Contibutor"
849,739,"Contibutor"
850,994,"Contibutor"
850,112,"Leader"
851,115,"Contibutor"
851,115,"Leader"
1038,109,"Leader"
1039,2045,"Contibutor"
1039,690,"Leader"
1040,2045,"Contibutor"
1040,690,"Leader"
1041,690,"Contibutor"
1041,2622,"Contibutor"
1041,2464,"Contibutor"
1041,104,"Leader"
1042,104,"Contibutor"
1042,104,"Leader"
1043,690,"Contibutor"
1043,1018,"Contibutor"
1043,104,"Leader"
1044,305,"Contibutor"
1044,9,"Contibutor"
1044,120,"Contibutor"
1044,104,"Leader"
1045,273,"Contibutor"
1045,1018,"Contibutor"
1045,2585,"Contibutor"
1045,104,"Leader"
1046,279,"Contibutor"
1046,104,"Leader"
1047,104,"Contibutor"
1047,1024,"Contibutor"
1047,739,"Contibutor"
1047,690,"Leader"
1048,739,"Contibutor"
1048,690,"Leader"
1049,146,"Contibutor"
1049,1748,"Contibutor"
1049,2601,"Contibutor"
1049,2599,"Contibutor"
1049,2592,"Contibutor"
1049,104,"Leader"
1050,104,"Contibutor"
1050,104,"Leader"
1051,681,"Contibutor"
1051,94,"Contibutor"
1051,1683,"Contibutor"
1051,2589,"Contibutor"
1051,2594,"Contibutor"
1051,109,"Leader"
1053,109,"Contibutor"
1053,739,"Leader"
1054,739,"Contibutor"
1054,693,"Leader"
1055,146,"Contibutor"
1055,1748,"Contibutor"
1055,2601,"Contibutor"
1055,2599,"Contibutor"
1055,2592,"Contibutor"
1055,104,"Leader"
1056,109,"Contibutor"
1056,693,"Leader"
1058,2023,"Contibutor"
1058,1639,"Contibutor"
1058,109,"Leader"
1059,106,"Leader"
1060,681,"Contibutor"
1060,2589,"Contibutor"
1060,2594,"Contibutor"
1060,947,"Contibutor"
1060,109,"Leader"
1061,947,"Contibutor"
1061,104,"Contibutor"
1061,109,"Leader"
1062,1024,"Contibutor"
1062,104,"Contibutor"
1062,109,"Leader"
1063,693,"Contibutor"
1063,1653,"Contibutor"
1063,947,"Contibutor"
1063,109,"Leader"
1064,1024,"Contibutor"
1064,104,"Contibutor"
1064,109,"Leader"
1065,947,"Contibutor"
1065,1022,"Contibutor"
1065,948,"Contibutor"
1065,109,"Leader"
1066,146,"Contibutor"
1066,104,"Leader"
1067,739,"Contibutor"
1067,104,"Contibutor"
1067,109,"Leader"
1068,727,"Contibutor"
1068,106,"Leader"
1069,1695,"Contibutor"
1069,1078,"Contibutor"
1069,1031,"Contibutor"
1069,1018,"Contibutor"
1069,104,"Leader"
1070,1692,"Contibutor"
1070,104,"Leader"
1071,727,"Contibutor"
1071,106,"Leader"
1072,1780,"Contibutor"
1072,2617,"Contibutor"
1072,104,"Leader"
1073,727,"Contibutor"
1073,106,"Leader"
1074,203,"Contibutor"
1074,1079,"Contibutor"
1074,1631,"Contibutor"
1074,104,"Leader"
1075,967,"Contibutor"
1075,106,"Leader"
1076,601,"Contibutor"
1076,621,"Contibutor"
1076,279,"Contibutor"
1076,104,"Leader"
1077,2598,"Contibutor"
1077,2618,"Contibutor"
1077,1780,"Contibutor"
1077,104,"Leader"
1078,263,"Contibutor"
1078,106,"Leader"
1079,146,"Contibutor"
1079,1078,"Contibutor"
1079,104,"Leader"
1080,106,"Contibutor"
1080,789,"Contibutor"
1080,106,"Leader"
1081,1780,"Contibutor"
1081,279,"Contibutor"
1081,104,"Leader"
1082,727,"Contibutor"
1082,106,"Leader"
1083,727,"Contibutor"
1083,106,"Leader"
1084,1780,"Contibutor"
1084,1018,"Contibutor"
1084,1780,"Leader"
1085,1079,"Contibutor"
1085,83,"Contibutor"
1085,203,"Contibutor"
1085,1909,"Contibutor"
1085,104,"Leader"
1086,727,"Contibutor"
1086,106,"Leader"
1087,1780,"Contibutor"
1087,238,"Contibutor"
1087,1018,"Contibutor"
1087,185,"Contibutor"
1087,2590,"Contibutor"
1087,104,"Leader"
1088,690,"Contibutor"
1088,2477,"Contibutor"
1088,1821,"Contibutor"
1088,2023,"Contibutor"
1088,1639,"Contibutor"
1088,109,"Leader"
977,1862,"Contibutor"
977,110,"Leader"
1089,1631,"Contibutor"
1089,1032,"Contibutor"
1089,944,"Contibutor"
1089,2606,"Contibutor"
1089,2625,"Contibutor"
1089,109,"Leader"
1090,1018,"Contibutor"
1090,1676,"Contibutor"
1090,1824,"Contibutor"
1090,474,"Contibutor"
1090,2611,"Contibutor"
1090,104,"Leader"
1091,2576,"Contibutor"
1091,439,"Contibutor"
1091,1780,"Contibutor"
1091,104,"Leader"
1092,1398,"Contibutor"
1092,2616,"Contibutor"
1092,2333,"Contibutor"
1092,951,"Contibutor"
1092,1031,"Contibutor"
1092,104,"Leader"
1093,2023,"Contibutor"
1093,1200,"Contibutor"
1093,739,"Contibutor"
1093,109,"Leader"
1094,2594,"Contibutor"
1094,109,"Leader"
1095,1200,"Contibutor"
1095,109,"Leader"
1096,87,"Contibutor"
1096,681,"Contibutor"
1096,1200,"Contibutor"
1096,2594,"Contibutor"
1096,109,"Leader"
1097,109,"Contibutor"
1097,109,"Leader"
853,2638,"Contibutor"
853,739,"Contibutor"
853,945,"Contibutor"
853,107,"Leader"
854,739,"Contibutor"
854,2670,"Contibutor"
854,2666,"Contibutor"
854,106,"Leader"
855,105,"Leader"
856,110,"Contibutor"
856,105,"Leader"
857,945,"Contibutor"
857,111,"Leader"
858,2656,"Contibutor"
858,960,"Contibutor"
858,945,"Contibutor"
858,105,"Leader"
859,739,"Contibutor"
859,106,"Contibutor"
859,111,"Contibutor"
859,950,"Contibutor"
859,1800,"Contibutor"
859,107,"Leader"
860,105,"Contibutor"
860,1732,"Contibutor"
860,111,"Leader"
861,2671,"Contibutor"
861,1746,"Contibutor"
861,1764,"Contibutor"
861,2691,"Contibutor"
861,111,"Leader"
862,111,"Leader"
863,111,"Leader"
864,111,"Leader"
865,186,"Contibutor"
865,111,"Leader"
866,273,"Contibutor"
866,363,"Contibutor"
866,111,"Leader"
867,107,"Contibutor"
867,106,"Contibutor"
867,105,"Contibutor"
867,111,"Contibutor"
867,1631,"Leader"
868,107,"Contibutor"
868,106,"Contibutor"
868,113,"Contibutor"
868,111,"Contibutor"
868,1631,"Contibutor"
868,105,"Leader"
869,107,"Contibutor"
869,105,"Contibutor"
869,1816,"Contibutor"
869,481,"Contibutor"
869,1631,"Leader"
870,111,"Leader"
871,111,"Leader"
872,528,"Contibutor"
872,646,"Contibutor"
872,445,"Contibutor"
872,945,"Contibutor"
872,2660,"Contibutor"
872,107,"Leader"
873,191,"Contibutor"
873,2094,"Contibutor"
873,106,"Leader"
874,106,"Contibutor"
874,111,"Leader"
875,105,"Leader"
876,107,"Contibutor"
876,106,"Contibutor"
876,1661,"Contibutor"
876,105,"Contibutor"
876,111,"Leader"
877,105,"Leader"
878,107,"Contibutor"
878,106,"Contibutor"
878,105,"Contibutor"
878,111,"Contibutor"
878,1631,"Contibutor"
878,1661,"Leader"
879,1661,"Contibutor"
879,111,"Leader"
880,10,"Contibutor"
880,803,"Contibutor"
880,1030,"Contibutor"
880,111,"Leader"
881,1746,"Contibutor"
881,1764,"Contibutor"
881,105,"Leader"
882,1631,"Leader"
883,1211,"Contibutor"
883,1595,"Contibutor"
883,1596,"Contibutor"
883,111,"Leader"
884,960,"Contibutor"
884,196,"Contibutor"
884,111,"Leader"
885,1122,"Contibutor"
885,1746,"Contibutor"
885,1764,"Contibutor"
885,105,"Leader"
886,111,"Leader"
887,111,"Leader"
888,2668,"Contibutor"
888,1725,"Contibutor"
888,106,"Leader"
889,945,"Contibutor"
889,107,"Leader"
890,1631,"Leader"
891,108,"Contibutor"
891,105,"Leader"
892,106,"Contibutor"
892,111,"Leader"
893,106,"Contibutor"
893,111,"Leader"
894,106,"Contibutor"
894,105,"Contibutor"
894,111,"Leader"
895,945,"Contibutor"
895,105,"Leader"
896,951,"Contibutor"
896,694,"Contibutor"
896,118,"Leader"
897,355,"Contibutor"
897,114,"Leader"
898,238,"Contibutor"
898,2188,"Contibutor"
898,79,"Contibutor"
898,114,"Leader"
899,79,"Contibutor"
899,114,"Leader"
900,694,"Contibutor"
900,2646,"Contibutor"
900,114,"Contibutor"
900,2677,"Leader"
901,90,"Contibutor"
901,86,"Contibutor"
901,2650,"Contibutor"
901,2652,"Contibutor"
901,2326,"Contibutor"
901,114,"Leader"
902,1788,"Contibutor"
902,114,"Leader"
903,114,"Leader"
904,114,"Leader"
905,114,"Leader"
906,114,"Leader"
907,1788,"Contibutor"
907,114,"Leader"
908,739,"Contibutor"
908,114,"Leader"
909,2578,"Contibutor"
909,86,"Contibutor"
909,2665,"Contibutor"
909,114,"Contibutor"
909,2673,"Leader"
910,601,"Contibutor"
910,808,"Contibutor"
910,905,"Contibutor"
910,2661,"Contibutor"
910,114,"Leader"
911,2682,"Contibutor"
911,674,"Contibutor"
911,2608,"Contibutor"
911,2643,"Contibutor"
911,2602,"Contibutor"
911,114,"Leader"
912,2672,"Contibutor"
912,2679,"Contibutor"
912,114,"Contibutor"
912,1631,"Leader"
913,114,"Leader"
914,305,"Contibutor"
914,114,"Leader"
915,2657,"Contibutor"
915,305,"Contibutor"
915,114,"Leader"
916,144,"Contibutor"
916,105,"Contibutor"
916,114,"Leader"
917,2283,"Contibutor"
917,739,"Contibutor"
917,636,"Leader"
918,118,"Leader"
919,1879,"Contibutor"
919,118,"Leader"
920,966,"Contibutor"
920,118,"Leader"
921,966,"Contibutor"
921,118,"Leader"
922,966,"Contibutor"
922,118,"Leader"
923,966,"Contibutor"
923,118,"Leader"
924,966,"Contibutor"
924,118,"Leader"
925,966,"Contibutor"
925,118,"Leader"
926,965,"Contibutor"
926,118,"Leader"
928,948,"Contibutor"
928,118,"Leader"
929,948,"Contibutor"
929,118,"Leader"
930,948,"Contibutor"
930,118,"Leader"
931,948,"Contibutor"
931,118,"Leader"
932,948,"Contibutor"
932,118,"Leader"
933,948,"Contibutor"
933,118,"Leader"
934,948,"Contibutor"
934,118,"Leader"
935,948,"Contibutor"
935,118,"Leader"
936,948,"Contibutor"
936,118,"Leader"
937,2655,"Contibutor"
937,118,"Leader"
938,2655,"Contibutor"
938,118,"Leader"
939,2655,"Contibutor"
939,118,"Leader"
940,1203,"Contibutor"
940,118,"Leader"
941,1203,"Contibutor"
941,118,"Leader"
978,113,"Contibutor"
978,118,"Contibutor"
978,80,"Contibutor"
978,1841,"Contibutor"
978,225,"Contibutor"
978,830,"Leader"
942,1203,"Contibutor"
942,118,"Leader"
943,1203,"Contibutor"
943,118,"Leader"
944,1203,"Contibutor"
944,118,"Leader"
945,1203,"Contibutor"
945,118,"Leader"
946,994,"Contibutor"
946,118,"Leader"
947,118,"Leader"
948,948,"Contibutor"
948,118,"Leader"
949,948,"Contibutor"
949,118,"Leader"
950,2680,"Contibutor"
950,1109,"Contibutor"
950,118,"Leader"
951,301,"Contibutor"
951,118,"Leader"
952,301,"Contibutor"
952,118,"Leader"
953,301,"Contibutor"
953,118,"Leader"
954,2628,"Contibutor"
954,118,"Leader"
955,119,"Contibutor"
955,118,"Leader"
956,119,"Contibutor"
956,118,"Leader"
957,119,"Contibutor"
957,118,"Leader"
958,118,"Leader"
959,118,"Leader"
960,292,"Contibutor"
960,118,"Leader"
961,292,"Contibutor"
961,118,"Leader"
